{
  "im_stream": {
    "conv1_1": {
      "type": "conv", 
      "filt_dim": 9, 
      "num_filt": 16, 
      "pool_size": 1, 
      "pool_stride": 1, 
      "pad": "VALID", 
      "norm": 0, 
      "norm_type": "local_response"
    }, 
    "conv1_2": {
      "type": "conv", 
      "filt_dim": 5, 
      "num_filt": 16, 
      "pool_size": 2, 
      "pool_stride": 2, 
      "pad": "VALID", 
      "norm": 0, 
      "norm_type": "local_response"
    }, 
    "conv2_1": {
      "type": "conv", 
      "filt_dim": 5, 
      "num_filt": 16, 
      "pool_size": 1, 
      "pool_stride": 1, 
      "pad": "VALID", 
      "norm": 0, 
      "norm_type": "local_response"
    }, 
    "conv2_2": {
      "type": "conv", 
      "filt_dim": 5, 
      "num_filt": 16, 
      "pool_size": 2, 
      "pool_stride": 2, 
      "pad": "VALID", 
      "norm": 0, 
      "norm_type": "local_response"
    }, 
    "fc3": {
      "type": "fc", 
      "out_size": 128
    }
  }, 
  "pose_stream": {
    "pc1": {
      "type": "pc", 
      "out_size": 16
    }, 
    "pc2": {
      "type": "pc", 
      "out_size": 0
    }
  }, 
  "merge_stream": {
    "fc4": {
      "type": "fc_merge", 
      "out_size": 128
    }, 
    "fc5": {
      "type": "fc", 
      "out_size": 2
    }
  }
}